0.781859,1.000000,0.422740,1
0.611187,1.774866,0.422200,2
0.488849,2.445993,0.421740,3
0.396880,3.012916,0.424460,4
0.315459,3.541506,0.424500,5
0.255190,3.964965,0.423800,6
0.210731,4.335444,0.424930,7
0.176368,4.713940,0.423920,8
0.148472,4.991497,0.422820,9
0.137849,5.308090,0.422160,10
0.096688,5.511581,0.422140,11
0.100057,5.792182,0.422830,12
0.073698,6.032968,0.422800,13
0.048997,6.141375,0.420690,14
0.062351,6.364788,0.424610,15
0.051917,6.521377,0.425070,16
0.034022,6.893604,0.421590,17
0.030163,6.751544,0.422670,18
0.033639,6.951140,0.420060,19
0.022677,6.741367,0.423020,20
0.036356,7.305224,0.414000,21
0.032264,7.602602,0.418450,22
0.043271,7.658012,0.414740,23
0.019206,7.815570,0.417430,24
0.019638,7.908791,0.415060,25
0.026945,7.922295,0.416160,26
0.020265,7.959082,0.417850,27
0.021412,8.011301,0.412620,28
0.014586,8.336368,0.417140,29
0.028627,8.223872,0.419010,30
0.026473,8.436520,0.413360,31
0.026625,8.501905,0.419610,32
0.037572,8.874775,0.415270,33
0.027740,8.203684,0.417780,34
0.026607,8.843676,0.415280,35
0.015457,8.568802,0.416200,36
0.011152,8.097850,0.416020,37
0.018289,8.898252,0.416460,38
0.017955,8.696202,0.414590,39
0.011526,8.844304,0.417490,40
-0.000545,9.494809,0.415210,41
0.008528,8.785578,0.415910,42
-0.002973,8.981766,0.416040,43
-0.003927,9.341796,0.412660,44
-0.005525,9.260768,0.416510,45
-0.000674,9.552870,0.415330,46
-0.006651,8.994313,0.419930,47
-0.016499,9.229254,0.413700,48
0.008718,9.308359,0.415990,49
-0.010569,9.315258,0.416370,50
-0.000237,9.514684,0.416620,51
0.001012,9.387135,0.418400,52
-0.007443,9.530939,0.419680,53
-0.004577,9.579696,0.415100,54
0.000366,9.491840,0.413350,55
0.005011,9.510571,0.414140,56
-0.002777,9.326877,0.416410,57
0.006559,9.565660,0.414110,58
0.001486,9.680673,0.413470,59
0.002228,9.873905,0.414850,60
-0.000589,9.729800,0.414960,61
0.013148,9.498940,0.420460,62
0.006016,9.836563,0.414860,63
0.001137,9.497218,0.419910,64
0.007942,9.861837,0.416120,65
-0.004107,10.278355,0.413150,66
-0.001681,10.148884,0.415110,67
-0.006703,10.134845,0.414630,68
-0.010467,10.235309,0.418000,69
-0.010961,9.842308,0.417530,70
-0.014032,10.066882,0.415440,71
-0.001230,9.290978,0.412790,72
0.001361,9.852983,0.416260,73
-0.012225,10.127408,0.416280,74
-0.014735,9.104177,0.417150,75
-0.000726,10.091005,0.415550,76
-0.011052,9.435447,0.417260,77
-0.001665,10.020880,0.415650,78
-0.013364,9.523081,0.417380,79
-0.015156,10.914519,0.417030,80
-0.005505,10.528150,0.418070,81
-0.015928,9.664485,0.417690,82
-0.008714,10.255025,0.417340,83
-0.007119,9.913352,0.417190,84
-0.003966,9.007870,0.414700,85
-0.003199,8.641888,0.417180,86
-0.013335,10.145039,0.415890,87
-0.000854,10.067355,0.416600,88
-0.006628,8.976082,0.418770,89
-0.017017,9.707950,0.420350,90
-0.017076,9.069952,0.419760,91
-0.004729,10.668627,0.413760,92
-0.002264,10.636097,0.415310,93
0.005123,9.315932,0.418600,94
0.004834,10.235259,0.414560,95
-0.001560,9.334000,0.417590,96
0.000002,10.245444,0.416210,97
0.001712,10.365752,0.414610,98
0.000914,9.468293,0.415740,99
0.016198,10.261885,0.416660,100
0.026012,10.003965,0.418420,101
0.013536,10.303522,0.416820,102
0.011638,10.902790,0.412080,103
0.029324,9.803937,0.414690,104
0.017412,9.547983,0.417480,105
0.007013,9.215017,0.415950,106
0.021152,10.830550,0.415860,107
0.022090,10.248866,0.416390,108
0.015238,10.542698,0.416210,109
0.025208,9.770575,0.416450,110
0.024498,10.421325,0.416040,111
0.025961,10.087946,0.416210,112
0.011540,9.575508,0.413400,113
0.018939,10.267379,0.415720,114
0.015417,10.632599,0.417260,115
0.012253,10.001431,0.416170,116
0.003917,9.477215,0.417750,117
0.021593,9.406201,0.417600,118
0.011321,9.411632,0.417430,119
0.014577,10.022317,0.413170,120
0.005257,10.202946,0.418310,121
-0.010440,10.487898,0.419120,122
0.006275,8.894364,0.416870,123
0.001674,9.830081,0.417090,124
-0.003633,11.528023,0.416150,125
-0.003501,9.062291,0.417010,126
0.003143,9.526676,0.417500,127
-0.002476,9.884570,0.416480,128
0.002296,10.003032,0.419710,129
-0.005574,10.563044,0.417860,130
0.001767,8.860279,0.414320,131
0.005625,9.382305,0.416620,132
0.007988,9.751761,0.416390,133
0.014676,9.971474,0.414960,134
0.001930,10.932342,0.413950,135
0.004854,10.706083,0.416030,136
-0.000945,9.767219,0.415040,137
0.006827,9.906000,0.419030,138
0.003173,10.066171,0.416900,139
-0.002087,10.778283,0.416130,140
-0.011100,11.150336,0.417190,141
-0.008517,10.923244,0.414130,142
-0.003575,9.724211,0.416110,143
-0.015059,9.793300,0.417430,144
-0.003187,9.995313,0.416090,145
-0.006600,9.175139,0.416840,146
0.013699,10.074556,0.414280,147
0.002284,10.782969,0.416150,148
0.004654,10.778835,0.419710,149
0.031496,10.255015,0.415740,150
0.002206,9.912564,0.415760,151
0.008656,10.919809,0.415230,152
0.004095,11.129910,0.417910,153
0.005549,10.234389,0.415700,154
0.007348,10.206939,0.413480,155
0.008036,10.903962,0.415590,156
-0.003846,10.468045,0.417800,157
-0.003254,10.970812,0.417260,158
0.016416,10.310033,0.412930,159
0.008653,9.582225,0.417460,160
0.009076,11.479478,0.416930,161
0.006512,10.892544,0.417760,162
0.002950,11.051371,0.417140,163
0.020747,10.253033,0.415210,164
0.016309,10.775441,0.416700,165
0.015977,11.300032,0.415550,166
-0.002920,11.013165,0.415530,167
-0.002042,10.925746,0.415890,168
0.003344,10.589374,0.416450,169
0.014229,9.745922,0.418930,170
-0.005743,9.812701,0.413600,171
-0.000696,10.184220,0.415520,172
0.007612,11.593662,0.415670,173
-0.000549,10.932783,0.418820,174
-0.018841,12.228720,0.413910,175
-0.000368,10.929392,0.417350,176
0.001541,9.780733,0.416760,177
-0.017440,10.916149,0.415190,178
-0.013473,10.571846,0.416270,179
-0.006010,11.093892,0.417160,180
-0.005346,9.633903,0.417730,181
-0.002282,11.613489,0.414890,182
0.004698,9.582913,0.418210,183
0.003945,9.638378,0.418270,184
-0.005140,10.681500,0.416980,185
-0.002764,11.135830,0.418170,186
-0.003997,11.007183,0.415270,187
0.000216,12.472809,0.419890,188
-0.006765,11.146597,0.415080,189
0.004069,10.552967,0.417960,190
-0.014512,10.396979,0.416070,191
-0.007325,11.024770,0.415440,192
-0.011312,11.606039,0.418690,193
-0.010989,10.337088,0.416890,194
-0.000389,10.401248,0.419950,195
0.008139,10.553329,0.416670,196
0.000314,10.961525,0.414540,197
-0.002071,10.565691,0.417320,198
-0.008664,9.881464,0.416190,199
0.003679,11.522953,0.420180,200
-0.006098,10.808958,0.419040,201
-0.001060,10.420058,0.413430,202
-0.002716,11.932231,0.415870,203
0.008096,10.471813,0.418420,204
0.016245,11.066740,0.417780,205
0.010192,10.373438,0.416760,206
-0.005683,10.040494,0.416270,207
-0.008598,9.409640,0.415550,208
0.002667,10.997919,0.416990,209
0.000461,11.214149,0.416600,210
0.004854,10.455051,0.417740,211
-0.008431,10.686669,0.418560,212
-0.000666,11.496680,0.414280,213
-0.001993,10.736076,0.416680,214
-0.005412,11.318574,0.415360,215
0.000435,10.446814,0.416710,216
0.003186,12.163163,0.416750,217
-0.004487,10.294594,0.414400,218
0.000021,9.790832,0.419070,219
0.008896,11.583679,0.416350,220
-0.000342,11.990645,0.416840,221
-0.010748,11.829693,0.416550,222
-0.004882,11.385078,0.416310,223
0.010330,10.135589,0.418000,224
-0.004401,10.383356,0.417200,225
0.007349,10.757593,0.417450,226
-0.006611,11.654303,0.417130,227
-0.002577,10.321238,0.414530,228
-0.003950,9.962118,0.417580,229
-0.010211,11.395593,0.417130,230
0.001037,12.133755,0.415020,231
-0.009615,9.373494,0.418670,232
-0.000929,10.293320,0.416960,233
0.013177,12.763331,0.418260,234
-0.006839,9.920309,0.417610,235
-0.001149,10.632041,0.415240,236
0.004390,11.793636,0.415320,237
0.006451,9.265582,0.417050,238
0.002246,11.807096,0.418140,239
0.002781,10.528306,0.414710,240
0.007418,10.923863,0.416960,241
-0.005047,10.632959,0.415560,242
-0.006674,11.426834,0.416520,243
-0.009637,11.701774,0.416860,244
-0.007587,10.670070,0.415120,245
0.007094,12.051751,0.417930,246
0.005396,10.069180,0.418480,247
0.011174,10.822763,0.418590,248
-0.002372,12.335021,0.418200,249
-0.009989,10.658978,0.416750,250
0.013352,13.054210,0.414640,251
0.006050,12.690900,0.416640,252
0.002692,10.069624,0.414570,253
0.003064,9.388107,0.417950,254
-0.005393,10.365145,0.417720,255
-0.001442,10.585862,0.416980,256
-0.009470,12.742883,0.415260,257
0.014936,13.522757,0.417400,258
-0.002217,10.130108,0.415050,259
0.004965,10.544420,0.416900,260
-0.004335,8.430549,0.418390,261
0.009520,9.685741,0.415820,262
-0.005821,8.956589,0.417720,263
0.007077,10.257926,0.417280,264
-0.007370,11.252324,0.415730,265
0.001819,11.256276,0.418050,266
-0.011175,10.807302,0.419420,267
0.002935,10.656177,0.416530,268
-0.001049,9.112967,0.418220,269
-0.002824,10.854532,0.419080,270
-0.002047,9.116441,0.414770,271
-0.004049,8.711333,0.415730,272
0.000814,7.789842,0.416140,273
-0.002295,8.297969,0.414720,274
-0.008610,9.176291,0.413550,275
0.000643,8.982722,0.415030,276
-0.003682,9.397977,0.416720,277
-0.012941,9.071867,0.415800,278
-0.002070,9.758807,0.415300,279
-0.002032,8.843933,0.415550,280
-0.020642,8.674218,0.415740,281
0.006892,9.769636,0.415700,282
-0.022125,7.017647,0.412870,283
-0.011026,9.298697,0.415170,284
-0.003629,9.211312,0.416210,285
-0.013100,10.624999,0.416650,286
0.004511,8.964212,0.418130,287
-0.000148,10.216306,0.413530,288
-0.005354,7.959934,0.413310,289
0.000074,9.054873,0.413830,290
-0.006352,9.915274,0.413830,291
-0.002529,9.037360,0.416730,292
-0.013587,9.775495,0.413840,293
-0.007867,10.356189,0.415540,294
-0.004916,8.996954,0.415470,295
-0.004916,8.178267,0.414690,296
-0.014638,9.212751,0.414310,297
-0.017826,8.762459,0.416150,298
-0.009599,8.278665,0.416710,299
-0.000989,9.583322,0.414430,300
0.002358,8.252273,0.411640,301
-0.006026,9.396418,0.416060,302
-0.001412,8.523446,0.414570,303
0.002751,8.785032,0.414800,304
0.005355,8.520697,0.412620,305
-0.000256,9.084321,0.414230,306
0.023062,8.105610,0.415490,307
0.008415,8.859398,0.414950,308
0.018360,9.219341,0.417490,309
0.001199,9.959549,0.416370,310
0.005702,10.461337,0.417000,311
0.012644,9.053443,0.417750,312
0.012569,8.126321,0.416700,313
-0.003371,8.306314,0.416210,314
0.004509,8.616304,0.414830,315
0.009625,9.509749,0.417310,316
0.005892,9.064766,0.413590,317
0.016265,8.617593,0.414750,318
0.007596,7.915620,0.414420,319
0.002676,7.046598,0.413210,320
-0.004184,7.088479,0.414650,321
-0.008366,10.389273,0.415870,322
-0.007358,8.119555,0.413850,323
-0.015933,9.004161,0.414870,324
-0.015609,8.924278,0.415350,325
0.005236,8.710387,0.414030,326
0.004976,9.007275,0.414870,327
0.003353,8.229791,0.412080,328
-0.007435,9.468069,0.416140,329
-0.001813,9.415425,0.413370,330
-0.007423,10.179496,0.413890,331
-0.002670,11.100185,0.414110,332
-0.014260,7.612543,0.416350,333
-0.005944,8.611306,0.415690,334
-0.022590,8.437647,0.413520,335
-0.027898,9.202506,0.417360,336
-0.028946,8.959400,0.415910,337
-0.012115,8.897057,0.414360,338
-0.019126,8.538524,0.415340,339
-0.009943,9.621027,0.415160,340
-0.016953,8.241566,0.413550,341
-0.024640,8.979080,0.416010,342
-0.009002,10.864516,0.417920,343
-0.014294,8.826848,0.412980,344
-0.015387,10.102477,0.416080,345
-0.002556,8.677604,0.413950,346
-0.017149,8.650237,0.414120,347
0.002785,10.354512,0.414700,348
-0.003844,8.951075,0.414030,349
-0.004205,8.231263,0.417410,350
-0.002050,9.448041,0.412610,351
-0.000808,8.506674,0.413960,352
-0.012330,7.830804,0.416860,353
-0.007281,9.892428,0.413520,354
-0.010945,8.276264,0.412000,355
-0.003117,9.936683,0.417240,356
-0.000116,9.521594,0.415600,357
-0.004387,8.344218,0.414850,358
0.002974,10.247299,0.414700,359
-0.003259,9.524188,0.416720,360
0.015032,8.286446,0.413790,361
-0.006584,9.320913,0.417630,362
-0.003618,8.977269,0.416060,363
-0.000439,8.761703,0.416020,364
0.005924,8.399825,0.416870,365
0.008578,7.634975,0.414900,366
-0.001811,8.006208,0.416830,367
0.003654,9.084939,0.416230,368
-0.004083,8.098093,0.417380,369
-0.007412,10.637108,0.418080,370
0.000441,8.191499,0.415080,371
0.000755,8.969662,0.412680,372
0.010032,8.688870,0.414870,373
-0.003800,8.268261,0.417090,374
0.003448,9.550689,0.415640,375
0.011184,8.058706,0.418080,376
0.002528,9.910255,0.414450,377
0.011934,8.695698,0.415440,378
-0.006850,8.552475,0.416360,379
-0.001256,8.256230,0.413000,380
-0.008591,10.582987,0.416640,381
-0.005290,11.570571,0.416340,382
0.001368,9.202720,0.418230,383
0.004012,9.733979,0.416250,384
-0.008622,8.122978,0.417060,385
-0.014772,9.918140,0.412640,386
0.003733,9.107144,0.413130,387
0.001006,8.745080,0.413400,388
-0.008869,8.922264,0.416980,389
-0.002289,7.993282,0.416650,390
-0.010924,8.437108,0.415250,391
-0.006873,7.379021,0.415960,392
0.007254,8.569725,0.414260,393
-0.000745,8.933428,0.413640,394
0.005679,8.394942,0.413410,395
0.020375,8.751253,0.417090,396
0.006654,8.770953,0.414500,397
0.006803,8.493197,0.417130,398
0.007481,8.524289,0.413840,399
0.009224,8.022878,0.416170,400
0.022724,8.731265,0.414990,401
0.008464,9.117668,0.410170,402
0.012005,7.729600,0.413310,403
0.003895,7.121249,0.412410,404
-0.000337,9.747801,0.413950,405
0.009072,7.956838,0.412610,406
0.009584,8.692273,0.413970,407
-0.002047,7.752558,0.414390,408
0.004394,8.447440,0.410830,409
0.002017,6.517344,0.412160,410
0.010491,9.414571,0.411820,411
0.002839,8.470258,0.413370,412
-0.004257,8.248127,0.412630,413
-0.003501,8.836938,0.415050,414
0.011558,7.508936,0.413070,415
-0.002165,7.554224,0.414480,416
0.004394,9.026405,0.411810,417
0.002310,9.264872,0.412590,418
0.006557,8.221295,0.410060,419
0.010770,9.337247,0.415580,420
0.002689,8.496605,0.415960,421
-0.000467,8.239283,0.415630,422
0.002438,7.380155,0.411090,423
-0.000625,7.546130,0.411350,424
-0.001812,7.326995,0.414090,425
0.009782,7.939955,0.412630,426
0.009732,10.025486,0.411040,427
-0.001532,7.518101,0.414950,428
0.002039,7.376928,0.414810,429
-0.005232,7.575052,0.407030,430
0.015486,8.595896,0.413300,431
0.005686,8.503366,0.414230,432
-0.003270,10.017008,0.415290,433
0.014703,8.010382,0.412250,434
0.010153,9.802360,0.414630,435
0.007490,9.942154,0.412310,436
0.003994,8.895831,0.412400,437
0.006040,8.424286,0.412050,438
-0.008689,8.328579,0.416560,439
0.007991,9.685570,0.414610,440
-0.001242,8.404058,0.414780,441
-0.000582,7.990045,0.411850,442
0.010007,7.584913,0.414720,443
0.013519,8.939318,0.413400,444
0.012333,6.313432,0.411380,445
0.005803,8.785434,0.415270,446
0.003768,7.806335,0.413960,447
0.017222,8.481039,0.414310,448
0.003132,8.636773,0.413370,449
0.005580,9.093884,0.414130,450
0.015276,8.697133,0.410430,451
0.004922,8.970688,0.410200,452
0.012445,8.531219,0.413530,453
-0.002048,8.122155,0.413410,454
0.007845,8.219544,0.413730,455
0.008536,7.289247,0.412250,456
0.012812,8.439947,0.414080,457
0.003635,6.802168,0.410290,458
0.013360,6.975936,0.413550,459
0.007451,7.338473,0.410350,460
0.007063,7.771273,0.411750,461
-0.000078,7.712852,0.416310,462
0.007973,7.370415,0.414260,463
-0.003048,8.903888,0.411490,464
-0.003486,7.116930,0.414410,465
0.003723,7.918436,0.410490,466
-0.005673,7.638499,0.415210,467
0.011947,7.344258,0.412020,468
-0.002915,7.502866,0.410690,469
-0.002258,8.411069,0.410810,470
-0.005380,9.435091,0.413940,471
-0.014669,9.390481,0.417000,472
-0.002094,6.628305,0.412750,473
0.001107,7.658489,0.410310,474
0.014040,9.137933,0.413760,475
-0.008748,7.284261,0.414590,476
0.017670,7.210830,0.410210,477
-0.003760,6.771965,0.409760,478
0.008644,8.043828,0.412320,479
0.013422,6.943647,0.411220,480
-0.000622,7.904085,0.413100,481
-0.002813,6.821456,0.412070,482
0.001385,7.232802,0.414030,483
-0.004783,6.493433,0.411570,484
-0.002024,7.046095,0.412600,485
-0.007715,7.252857,0.411190,486
-0.000198,6.063358,0.414210,487
0.003906,6.591711,0.413100,488
0.007170,7.340666,0.410290,489
-0.001043,8.365315,0.413040,490
-0.001388,7.632640,0.411390,491
0.003849,8.019763,0.410590,492
0.008125,7.801484,0.414970,493
0.016970,7.358039,0.411750,494
0.012639,6.791259,0.413020,495
0.013672,7.564777,0.415300,496
0.009157,7.053542,0.410640,497
0.012834,9.872447,0.416130,498
0.017543,7.871864,0.418850,499
0.004851,9.589583,0.413720,500
0.008330,7.663523,0.412560,501
0.012503,7.765615,0.411250,502
0.000301,8.288986,0.414230,503
0.012620,7.554236,0.409850,504
0.005107,6.739982,0.414430,505
-0.000386,7.672477,0.413430,506
-0.000238,7.048614,0.412580,507
0.005596,9.335342,0.414380,508
-0.010036,8.343691,0.414210,509
-0.004659,8.181971,0.413420,510
0.003515,7.273980,0.414090,511
-0.008091,8.469186,0.413640,512
-0.006556,7.425715,0.412740,513
0.006185,8.074991,0.414140,514
-0.002302,9.095576,0.414350,515
-0.011278,8.261604,0.411900,516
0.004076,7.015867,0.411320,517
-0.002286,7.693564,0.412750,518
-0.003510,8.620821,0.410660,519
-0.015488,8.648069,0.413470,520
-0.016601,7.893239,0.413140,521
-0.004611,7.114030,0.414290,522
0.001792,8.966795,0.419540,523
-0.003563,8.180393,0.419180,524
0.000541,5.906213,0.419220,525
0.003528,9.915006,0.419180,526
0.003513,9.801901,0.420410,527
0.015902,11.365974,0.415730,528
0.011510,8.167096,0.420110,529
0.016949,7.599609,0.419030,530
-0.000377,9.561451,0.419060,531
0.013614,9.782914,0.419740,532
0.016290,8.947578,0.421060,533
0.008580,8.049888,0.419560,534
0.004089,7.790030,0.421080,535
-0.014686,9.753982,0.422110,536
-0.004419,8.868820,0.418120,537
0.004651,7.642292,0.420880,538
0.006798,8.125951,0.425470,539
0.008666,8.716912,0.416530,540
-0.000704,8.121380,0.419650,541
0.003856,7.346167,0.419920,542
-0.005615,6.233959,0.421580,543
-0.000432,8.439162,0.421900,544
-0.010582,8.850364,0.424250,545
0.003440,8.710551,0.416690,546
-0.012837,6.283656,0.420920,547
-0.000029,8.412523,0.422660,548
0.005580,9.041622,0.419590,549
-0.000449,7.832341,0.424610,550
-0.004534,8.141723,0.418170,551
0.001711,7.826604,0.422170,552
0.009482,7.070977,0.422490,553
0.003537,7.382894,0.421780,554
-0.001470,6.295368,0.423090,555
-0.001643,6.608743,0.423120,556
0.003782,8.267739,0.419670,557
0.016681,9.758961,0.419850,558
0.000919,7.009285,0.424050,559
0.006262,7.234946,0.420860,560
-0.000516,6.520961,0.419260,561
-0.012683,8.052981,0.418670,562
-0.002959,7.882063,0.419530,563
-0.007506,7.706255,0.421370,564
0.009908,4.594723,0.422550,565
-0.002571,6.993159,0.419650,566
-0.007257,7.422592,0.422070,567
0.001161,7.831729,0.418270,568
-0.004743,7.071806,0.418130,569
-0.006312,8.740170,0.418320,570
-0.008037,8.303368,0.422420,571
0.002297,6.453697,0.421370,572
0.004203,6.748435,0.421780,573
0.004191,8.168490,0.423590,574
0.016158,8.199116,0.419720,575
0.013686,8.895378,0.421020,576
0.001927,7.484275,0.420880,577
-0.000016,8.246386,0.420710,578
-0.003614,8.081364,0.420970,579
0.003453,9.163413,0.418630,580
-0.010175,8.998263,0.420500,581
-0.007153,9.394546,0.421230,582
-0.006502,8.583674,0.422080,583
0.007730,7.617280,0.421360,584
0.009493,9.617550,0.417870,585
0.002004,8.650850,0.423190,586
0.004626,8.895858,0.419830,587
-0.000527,9.549952,0.421470,588
0.004525,9.041752,0.418840,589
0.017488,7.662749,0.421960,590
0.014296,10.046603,0.419800,591
0.007789,8.326662,0.419310,592
0.016990,7.374332,0.417700,593
0.000804,10.311015,0.418320,594
0.018367,9.754875,0.419290,595
0.000002,7.941172,0.420910,596
0.000402,9.491313,0.418940,597
-0.004630,8.150704,0.419770,598
-0.004504,7.444740,0.418650,599
0.012345,7.488150,0.422470,600
0.001537,8.927610,0.416680,601
-0.004113,9.755510,0.417330,602
-0.006106,8.139296,0.424000,603
-0.002418,9.439375,0.419330,604
-0.007482,7.170710,0.422260,605
0.008654,8.055810,0.417550,606
0.012670,7.589411,0.417670,607
0.009822,8.995990,0.421800,608
-0.014306,7.677459,0.422270,609
0.000038,9.192186,0.421150,610
0.010258,8.865864,0.421840,611
-0.000440,8.063565,0.420240,612
0.016534,8.089237,0.418310,613
0.018712,7.239710,0.419200,614
0.015118,8.643575,0.419160,615
0.011001,8.698208,0.421740,616
-0.004201,10.251555,0.420270,617
0.012517,8.060681,0.421750,618
0.011944,8.491421,0.420340,619
-0.010371,8.883134,0.418780,620
0.008373,10.244684,0.422070,621
0.001858,8.394666,0.420320,622
0.005390,9.774458,0.420090,623
0.003732,7.892301,0.417800,624
0.010238,6.301760,0.423370,625
0.010624,8.261279,0.419830,626
0.016179,7.134413,0.421240,627
0.022901,6.890338,0.419540,628
0.006676,6.023800,0.420100,629
0.004163,8.076111,0.420040,630
0.006576,6.025011,0.421720,631
0.007167,7.664931,0.420930,632
0.002886,8.786654,0.421100,633
0.011399,8.214744,0.422590,634
0.013479,9.676568,0.423380,635
-0.009354,7.100986,0.420380,636
0.000478,8.258067,0.420370,637
0.003840,7.614755,0.418320,638
0.008634,7.326568,0.420350,639
-0.005130,6.909803,0.422550,640
-0.001972,6.067081,0.418850,641
0.008961,7.274798,0.419610,642
0.002467,7.660703,0.421740,643
0.019605,6.405290,0.420610,644
0.004432,8.645358,0.421080,645
-0.000299,6.258454,0.417330,646
0.002049,11.075019,0.419410,647
0.000020,10.832312,0.421150,648
0.006622,12.614265,0.421450,649
0.005738,11.743481,0.420070,650
0.008826,10.664563,0.417920,651
0.009465,11.536829,0.422060,652
0.000567,14.095577,0.421300,653
0.010217,11.984593,0.420360,654
-0.005748,12.710539,0.416750,655
-0.013071,11.319426,0.421700,656
0.000244,12.652366,0.419750,657
-0.010868,14.638018,0.418910,658
0.003560,14.186710,0.418530,659
0.010695,12.023509,0.419870,660
0.011477,14.208224,0.421270,661
0.019430,14.514159,0.416960,662
0.005997,15.019529,0.418040,663
0.007585,14.796365,0.419440,664
0.010038,13.593270,0.418610,665
0.013899,12.879811,0.421800,666
0.012646,13.507357,0.420370,667
0.003906,16.262237,0.420550,668
0.007510,14.681096,0.421240,669
0.003464,12.359046,0.422900,670
0.010911,11.673557,0.419780,671
0.003313,12.544620,0.421270,672
0.007799,12.620711,0.419460,673
-0.002837,14.323117,0.418160,674
0.010117,14.529990,0.419410,675
0.026228,13.147203,0.420180,676
0.011121,16.155997,0.421570,677
0.012301,13.121845,0.419750,678
0.028481,11.947683,0.419890,679
0.014896,15.316922,0.418250,680
0.016371,16.975191,0.422280,681
0.008155,12.561628,0.422970,682
0.016982,11.327972,0.419280,683
0.009407,13.013050,0.421080,684
0.010834,14.399107,0.419160,685
-0.002271,13.415239,0.422560,686
-0.000900,12.808428,0.419970,687
0.004423,12.548096,0.421690,688
-0.024700,12.536118,0.418950,689
0.000231,10.730143,0.419680,690
-0.001532,12.793378,0.420720,691
-0.004655,10.430253,0.421710,692
0.000459,10.954192,0.417300,693
-0.007863,12.666465,0.424190,694
-0.023172,13.521509,0.422860,695
-0.006148,13.131165,0.422610,696
-0.018501,13.669235,0.417270,697
-0.013998,10.989853,0.419360,698
-0.022373,9.500553,0.418270,699
-0.008932,10.036593,0.419090,700
0.006246,14.867503,0.418180,701
-0.003224,10.530552,0.417470,702
-0.005297,11.068405,0.418740,703
0.008222,13.154322,0.420560,704
0.003410,11.076446,0.421590,705
0.002841,10.818911,0.419350,706
-0.000271,11.706259,0.418930,707
-0.019295,12.497195,0.419530,708
0.001139,11.801585,0.421490,709
-0.007602,12.528753,0.419730,710
0.000298,13.156152,0.419790,711
-0.002836,12.540813,0.423320,712
0.003223,11.668686,0.418700,713
-0.003866,11.797898,0.417970,714
-0.001486,8.670736,0.423720,715
-0.015264,12.721750,0.421690,716
0.001430,10.457251,0.421270,717
-0.000351,12.148477,0.417710,718
-0.014339,13.731283,0.419970,719
-0.005484,12.568029,0.417980,720
-0.008403,15.502628,0.419480,721
-0.002854,12.219783,0.418920,722
0.011857,15.223626,0.419430,723
-0.000930,12.667946,0.419060,724
0.009634,13.625282,0.418270,725
-0.000466,11.152237,0.422740,726
0.006810,14.967721,0.418830,727
0.005499,16.885245,0.420140,728
0.012397,15.587485,0.418560,729
0.013865,15.645234,0.418430,730
0.006317,16.643019,0.419240,731
-0.002656,14.078834,0.419840,732
0.011111,15.661366,0.419400,733
0.008728,18.106713,0.420350,734
-0.002447,15.415908,0.418760,735
0.003561,15.584929,0.418650,736
0.000988,16.849392,0.422480,737
-0.009792,14.773577,0.418780,738
-0.007183,15.593694,0.418600,739
0.003835,13.361725,0.417270,740
0.002936,15.285731,0.421100,741
0.008210,13.513344,0.421920,742
0.004221,13.101712,0.419700,743
0.018034,13.444783,0.421030,744
-0.005351,13.562715,0.421100,745
-0.003440,14.632779,0.419050,746
-0.006174,13.517746,0.417560,747
0.013373,14.553230,0.419070,748
-0.005234,10.140405,0.418460,749
-0.016903,14.360822,0.413140,750
-0.003680,12.634538,0.416740,751
-0.007947,13.146365,0.418740,752
-0.016963,17.188072,0.418800,753
0.004523,12.797757,0.421050,754
-0.003848,14.842851,0.419790,755
0.002641,14.404926,0.421930,756
0.000636,16.282327,0.420490,757
0.008071,14.429105,0.419690,758
-0.002185,14.448777,0.419620,759
0.008263,13.093750,0.417270,760
0.001881,15.794209,0.418490,761
0.003358,13.775419,0.419070,762
0.007574,12.561870,0.420140,763
0.008049,11.892089,0.422320,764
-0.001828,11.310461,0.420600,765
0.014289,12.395021,0.420620,766
0.014163,14.096376,0.421090,767
0.025032,14.284932,0.420090,768
0.010960,11.306457,0.422040,769
0.008295,12.059585,0.420720,770
0.004994,13.355881,0.413310,771
-0.004969,12.054586,0.412560,772
-0.011433,18.527940,0.411290,773
-0.013905,14.842195,0.414550,774
-0.026209,16.214066,0.414090,775
-0.007729,17.174001,0.412760,776
-0.000412,18.578040,0.415690,777
0.004880,14.309576,0.412750,778
0.002260,18.357274,0.412790,779
0.003618,14.777712,0.413190,780
0.004160,15.999599,0.412130,781
-0.003111,16.138888,0.413090,782
0.013114,17.518168,0.414620,783
0.007610,17.214758,0.414610,784
0.004854,18.903995,0.412760,785
-0.000182,16.824921,0.417140,786
0.014556,16.817916,0.413050,787
0.013699,19.693295,0.413480,788
0.015278,19.122580,0.415690,789
-0.004790,19.954149,0.415140,790
-0.007458,20.907541,0.414680,791
-0.004838,16.442012,0.413950,792
-0.017556,19.895852,0.411440,793
-0.014064,24.041355,0.416410,794
-0.014911,19.529077,0.410920,795
-0.018533,24.191900,0.414510,796
-0.020838,21.850777,0.414000,797
-0.023003,19.440407,0.410270,798
-0.008537,21.392836,0.413710,799
-0.019603,23.226514,0.413500,800
-0.012359,18.765949,0.413850,801
-0.018016,21.583869,0.412370,802
-0.020192,19.405762,0.413190,803
-0.021958,22.075074,0.415260,804
-0.010432,23.168854,0.412580,805
-0.020124,23.773232,0.411890,806
-0.019151,26.454795,0.411590,807
-0.008797,22.678540,0.413300,808
0.000145,20.341233,0.414640,809
-0.015735,20.251714,0.413040,810
-0.017055,18.926669,0.415540,811
-0.013767,22.917438,0.413500,812
-0.023021,23.858666,0.414690,813
-0.022337,19.369318,0.412420,814
-0.010904,16.927238,0.413800,815
-0.007203,20.491906,0.415260,816
-0.016667,18.349390,0.413000,817
-0.004574,16.337553,0.415460,818
-0.006410,16.227441,0.412790,819
-0.008434,17.433782,0.413220,820
-0.010987,19.781801,0.412380,821
-0.009538,16.487883,0.414210,822
0.002499,17.441114,0.414430,823
-0.009216,18.734060,0.416080,824
-0.005411,17.619463,0.409910,825
-0.005437,15.940570,0.414300,826
0.000483,20.551572,0.411980,827
-0.004410,14.067950,0.414480,828
-0.007083,14.209956,0.415300,829
0.000509,15.516325,0.413700,830
-0.005614,15.730576,0.413540,831
0.004767,17.611666,0.413430,832
0.005334,16.348859,0.414370,833
0.003576,14.849341,0.413200,834
-0.002366,17.011289,0.413290,835
0.004349,16.135158,0.411140,836
-0.006090,17.559646,0.410380,837
0.009559,14.333693,0.412720,838
-0.023238,18.352860,0.415880,839
0.004750,16.138409,0.414570,840
-0.004035,15.778090,0.413140,841
-0.005760,15.316141,0.416230,842
0.006336,15.408202,0.412830,843
-0.017270,17.651802,0.411580,844
0.001819,17.189541,0.410140,845
-0.004672,14.999109,0.414260,846
0.000529,14.772490,0.416100,847
-0.002640,16.101283,0.413330,848
-0.001392,16.885294,0.414930,849
-0.013529,13.679628,0.417380,850
0.004854,15.370710,0.415420,851
-0.002440,12.707731,0.415040,852
0.003198,13.137637,0.412750,853
0.001173,12.852664,0.415030,854
-0.001166,13.968980,0.413410,855
0.000248,10.637438,0.414720,856
0.004522,16.783877,0.412860,857
-0.001275,12.757098,0.414540,858
-0.001595,14.381602,0.415890,859
-0.013318,13.016722,0.412660,860
-0.003759,13.657422,0.415390,861
-0.007435,15.165829,0.414980,862
0.000452,13.504434,0.413310,863
0.013101,13.555830,0.413550,864
0.010336,15.210896,0.415340,865
-0.001644,13.837739,0.412720,866
-0.001880,13.554439,0.412220,867
-0.000426,14.113889,0.411000,868
0.007081,11.123031,0.414320,869
0.009050,11.955730,0.412670,870
0.005757,17.194161,0.414600,871
0.001719,16.727784,0.412810,872
-0.010821,12.840802,0.411220,873
0.004966,11.029415,0.413040,874
-0.010281,13.976203,0.414730,875
-0.000758,14.140301,0.415110,876
-0.015029,14.084513,0.414110,877
-0.007031,16.234261,0.418530,878
-0.008480,14.620289,0.413060,879
0.002051,20.542540,0.413950,880
0.005407,12.021900,0.416140,881
-0.001218,14.261430,0.412630,882
-0.000517,15.424613,0.413490,883
-0.006088,19.030357,0.411370,884
-0.004418,14.919949,0.414480,885
0.004208,15.213788,0.411900,886
-0.004993,15.452081,0.415930,887
-0.002741,18.775029,0.416130,888
0.002075,18.119872,0.415470,889
0.000990,19.782990,0.414740,890
-0.007562,17.490878,0.412470,891
-0.008617,15.765240,0.414960,892
-0.013915,16.652121,0.411260,893
-0.006941,16.211294,0.413840,894
-0.012240,20.019463,0.412370,895
0.003341,16.413187,0.413180,896
-0.002842,18.114681,0.415100,897
-0.005612,14.275309,0.415450,898
-0.016160,10.165429,0.413530,899
-0.002498,10.360019,0.414950,900
-0.015745,9.584016,0.415930,901
0.000267,8.102610,0.415930,902
0.007280,8.028921,0.413500,903
0.002650,9.565629,0.412760,904
0.000461,8.289597,0.414250,905
0.001043,7.612508,0.414290,906
0.004627,9.875081,0.415360,907
0.014396,10.515629,0.414250,908
0.012380,8.656838,0.412610,909
0.007776,9.603669,0.413570,910
0.020293,11.618891,0.415960,911
0.021453,7.943023,0.411960,912
0.021474,8.072594,0.412820,913
0.019546,7.909358,0.415370,914
0.013968,9.174975,0.414620,915
0.009316,10.163156,0.411150,916
0.006533,10.312714,0.414120,917
0.012958,7.876226,0.414590,918
0.015099,8.414229,0.415400,919
0.014749,8.762984,0.411920,920
0.019352,7.387122,0.414800,921
0.006473,9.052923,0.414290,922
0.004574,7.675550,0.412940,923
0.005942,8.612453,0.413630,924
-0.001755,7.147277,0.414350,925
0.011558,9.746546,0.411220,926
0.013590,8.699209,0.413320,927
0.019924,10.353977,0.413640,928
0.012706,10.989522,0.413680,929
0.020763,8.172546,0.415570,930
0.012926,5.838272,0.413280,931
0.004255,8.808880,0.414430,932
0.006630,7.205293,0.415300,933
0.006377,10.506489,0.413370,934
0.005872,8.601926,0.412610,935
0.010554,10.912289,0.415250,936
0.009988,10.191953,0.410070,937
0.012116,9.699902,0.412150,938
0.010361,10.017479,0.411580,939
0.014661,10.385325,0.412850,940
0.015195,11.581950,0.413390,941
0.013750,12.579376,0.411470,942
0.024403,11.394086,0.410710,943
0.002904,10.218327,0.414240,944
0.000563,11.210410,0.414950,945
0.007358,11.052395,0.412530,946
0.019715,11.883801,0.416470,947
-0.004850,12.466924,0.411990,948
-0.007976,13.079345,0.414930,949
0.000433,11.734759,0.414210,950
-0.002573,8.186694,0.414950,951
-0.008125,8.671220,0.413670,952
0.008900,7.099518,0.414680,953
-0.001006,10.072689,0.410970,954
0.000672,9.830038,0.412520,955
-0.001284,9.217562,0.411730,956
-0.010784,9.147153,0.412810,957
-0.005111,7.612789,0.414940,958
-0.001931,6.560843,0.413340,959
-0.006884,7.547877,0.415530,960
0.012105,8.480129,0.415170,961
-0.007148,8.776405,0.413070,962
-0.004738,10.123421,0.415080,963
-0.011612,8.144067,0.410940,964
-0.003157,7.978077,0.412220,965
-0.012112,7.093089,0.411540,966
-0.009992,7.349104,0.413960,967
-0.023288,7.362741,0.413310,968
-0.024390,8.504760,0.412170,969
-0.025746,8.116445,0.412790,970
-0.019531,8.262332,0.412920,971
-0.029837,7.189623,0.411330,972
-0.035296,6.425264,0.414650,973
-0.021648,9.258568,0.413230,974
-0.014843,9.580998,0.409570,975
-0.018548,7.732522,0.412170,976
-0.014141,8.712274,0.415360,977
-0.026953,8.454557,0.413310,978
-0.015619,8.324528,0.414830,979
-0.026206,8.863587,0.414660,980
-0.023987,7.039201,0.413670,981
-0.023451,10.673615,0.415380,982
-0.037114,8.865804,0.416010,983
-0.016789,7.325481,0.413920,984
-0.019139,7.450417,0.413290,985
-0.018370,10.250443,0.414500,986
-0.014700,10.576028,0.412510,987
-0.008607,8.821952,0.415520,988
-0.020413,8.768266,0.416490,989
-0.024534,8.161694,0.417410,990
-0.024654,7.944680,0.413670,991
-0.008806,7.343069,0.413560,992
-0.006904,7.083237,0.412970,993
0.002431,7.133849,0.414010,994
0.006293,7.328142,0.417570,995
-0.008366,7.288530,0.413610,996
-0.006760,7.412764,0.414610,997
-0.003245,7.315226,0.412710,998
-0.016734,9.135330,0.411620,999
0.006526,7.208995,0.417160,1000
-0.004442,7.053285,0.415040,1001
-0.001529,8.448785,0.413140,1002
-0.014650,9.549613,0.411710,1003
0.012064,7.336333,0.414480,1004
-0.015325,7.947284,0.413930,1005
-0.004872,7.588488,0.415210,1006
0.003454,10.359921,0.417580,1007
-0.002659,10.415733,0.411770,1008
-0.011173,10.228756,0.414860,1009
0.006494,7.233756,0.413610,1010
-0.005739,10.512886,0.414350,1011
0.004582,8.747572,0.414960,1012
-0.001298,9.488478,0.413890,1013
-0.004934,9.894066,0.414410,1014
0.010048,9.163276,0.413860,1015
0.012320,11.734824,0.411950,1016
0.014069,9.589909,0.413030,1017
0.015313,10.857548,0.414300,1018
0.010657,8.828485,0.410740,1019
-0.002567,11.336682,0.414600,1020
0.009535,11.194664,0.416250,1021
-0.011032,9.148965,0.414550,1022
0.003359,11.681378,0.410980,1023
-0.000472,9.185548,0.406670,1024
0.008514,9.414858,0.410100,1025
0.008105,7.629449,0.408920,1026
-0.003688,9.705675,0.409450,1027
0.011441,11.295538,0.408320,1028
-0.002975,6.693851,0.409790,1029
-0.001060,9.144929,0.409080,1030
0.000374,9.629299,0.408660,1031
-0.003580,9.984699,0.411010,1032
-0.000517,6.808155,0.413520,1033
-0.011987,9.285681,0.410730,1034
0.000275,8.388980,0.412260,1035
0.004937,9.331106,0.411270,1036
-0.000147,9.472360,0.412070,1037
0.000812,8.215336,0.411510,1038
-0.001698,8.316234,0.410830,1039
0.006820,8.595898,0.409180,1040
-0.017613,7.393496,0.414750,1041
-0.007452,5.785774,0.413050,1042
0.006488,10.612157,0.412080,1043
-0.006235,9.784921,0.410950,1044
0.006409,7.205236,0.412520,1045
-0.018920,8.673119,0.410040,1046
-0.008919,8.367345,0.411960,1047
-0.018585,7.394105,0.410960,1048
-0.004598,9.604191,0.409000,1049
0.000139,7.492217,0.411860,1050
0.003067,8.718877,0.409960,1051
-0.000687,9.200001,0.411030,1052
0.001355,8.144615,0.409420,1053
-0.010694,8.616338,0.409900,1054
-0.013179,9.184950,0.412870,1055
-0.002824,7.448409,0.407600,1056
0.003398,6.700031,0.414940,1057
-0.000924,7.668657,0.410310,1058
0.000388,6.875172,0.412120,1059
0.017073,9.106310,0.408140,1060
0.007927,7.972602,0.411120,1061
-0.005582,10.506708,0.411500,1062
0.014089,8.085674,0.409900,1063
0.011188,6.597640,0.409280,1064
0.015138,7.669729,0.407600,1065
0.004116,8.441652,0.412820,1066
0.014723,7.412877,0.409840,1067
0.001148,8.741901,0.412900,1068
0.009474,7.145952,0.408890,1069
-0.000138,8.724731,0.410180,1070
0.013017,5.845312,0.408150,1071
0.016072,7.922661,0.410990,1072
0.013758,7.890205,0.410360,1073
0.015957,8.155912,0.412290,1074
0.001102,6.620265,0.410760,1075
0.009709,5.706119,0.409800,1076
0.021227,7.742957,0.410150,1077
0.015558,9.909163,0.410860,1078
0.007245,5.621411,0.410320,1079
0.030343,6.012893,0.409530,1080
0.018511,7.459132,0.411600,1081
-0.000140,7.006059,0.412940,1082
0.015983,5.149843,0.411290,1083
0.001788,9.831301,0.411770,1084
-0.001226,5.597598,0.406330,1085
0.007456,8.780195,0.410170,1086
0.013850,5.705676,0.410780,1087
0.005290,7.197957,0.409680,1088
0.018147,8.010866,0.413320,1089
0.019427,7.450253,0.408720,1090
0.013283,6.678738,0.411080,1091
0.005028,8.412262,0.410120,1092
0.009096,8.971886,0.411140,1093
0.006871,5.193989,0.413540,1094
0.008026,8.542599,0.413010,1095
0.004199,8.791911,0.410160,1096
0.006232,7.089956,0.408100,1097
0.016040,7.105910,0.409050,1098
-0.002118,6.127916,0.410190,1099
0.018825,7.630805,0.412160,1100
0.011993,7.116268,0.410510,1101
-0.002781,7.289269,0.408900,1102
0.002524,5.281358,0.410810,1103
0.003473,7.891832,0.413640,1104
0.008552,6.369606,0.410860,1105
0.005203,7.067147,0.409760,1106
-0.004855,7.532013,0.410970,1107
0.000547,7.733038,0.409210,1108
0.006280,8.055915,0.411240,1109
0.009854,8.497102,0.411390,1110
0.013836,6.057288,0.412230,1111
0.015196,7.206047,0.409770,1112
0.005357,6.232206,0.408060,1113
-0.000929,6.655763,0.407600,1114
0.000628,5.116899,0.407170,1115
0.007927,6.178402,0.408470,1116
0.007926,6.115522,0.409300,1117
0.001687,6.824294,0.410870,1118
0.018724,7.081941,0.408520,1119
0.004789,7.173936,0.411520,1120
-0.000943,6.391455,0.412530,1121
-0.001154,6.813075,0.408320,1122
-0.004329,5.275039,0.411250,1123
-0.001206,7.857533,0.408810,1124
-0.013674,5.754818,0.410540,1125
-0.011916,6.129226,0.407830,1126
-0.015937,7.031819,0.408700,1127
-0.012485,6.390975,0.412190,1128
-0.013606,6.299208,0.412060,1129
-0.009828,6.862797,0.409160,1130
-0.008558,7.447340,0.408340,1131
-0.002381,6.792889,0.410280,1132
-0.000031,6.358892,0.408350,1133
0.002911,5.710896,0.411300,1134
-0.000780,6.426688,0.411270,1135
0.003292,7.812376,0.412560,1136
0.001698,7.195231,0.411240,1137
0.003307,6.131253,0.410620,1138
-0.003388,7.345259,0.409400,1139
-0.009297,9.579892,0.411590,1140
-0.007929,5.937863,0.408940,1141
-0.006910,7.871726,0.408710,1142
0.006390,7.226276,0.408770,1143
-0.000700,7.150303,0.409010,1144
-0.002633,7.794619,0.409690,1145
0.003343,6.833589,0.409200,1146
0.001365,6.237516,0.410450,1147
0.001358,8.186840,0.410660,1148
0.006215,7.797422,0.412070,1149
-0.008637,11.648941,0.405770,1150
-0.019476,10.926728,0.408070,1151
-0.010895,13.672321,0.409770,1152
-0.002276,10.263930,0.407990,1153
-0.002421,12.488866,0.406990,1154
0.006839,11.270704,0.409090,1155
0.000244,11.580290,0.411170,1156
-0.010146,10.937616,0.409690,1157
0.002915,11.526435,0.408320,1158
-0.008697,12.742411,0.407290,1159
-0.007892,11.403501,0.407270,1160
-0.001535,10.743266,0.408220,1161
-0.008306,11.313276,0.409070,1162
-0.002176,9.692219,0.407040,1163
0.001229,10.494660,0.409760,1164
-0.012725,9.898560,0.407580,1165
0.000038,11.993131,0.409320,1166
-0.016293,10.786352,0.407650,1167
-0.013092,9.674258,0.406200,1168
-0.023857,8.453997,0.409790,1169
-0.026873,10.847653,0.407240,1170
-0.012571,8.517492,0.409820,1171
-0.014417,9.505545,0.409790,1172
-0.028395,9.984455,0.410930,1173
-0.017270,7.863386,0.408190,1174
-0.022405,9.491906,0.408740,1175
-0.032203,11.178960,0.409080,1176
-0.022615,7.061389,0.408690,1177
-0.015881,15.217146,0.410850,1178
-0.012959,6.725429,0.409780,1179
0.000974,9.607739,0.411640,1180
-0.002129,9.125208,0.407790,1181
0.002595,13.066300,0.409670,1182
-0.014284,7.917097,0.411130,1183
-0.002163,10.335900,0.409830,1184
-0.001250,11.057213,0.410690,1185
-0.002767,7.218197,0.405730,1186
0.009928,8.749052,0.409690,1187
0.002056,10.047660,0.408540,1188
0.009311,8.867503,0.408190,1189
-0.004377,9.807079,0.409470,1190
0.011352,9.332591,0.410910,1191
0.005039,9.089284,0.408120,1192
0.004623,6.877921,0.405760,1193
0.007627,7.626799,0.406280,1194
0.010601,8.060785,0.404940,1195
0.017328,9.047328,0.410090,1196
0.012283,8.955413,0.407510,1197
0.006430,9.620493,0.407560,1198
-0.005547,7.971045,0.407010,1199
-0.001912,7.822707,0.409190,1200
0.015917,10.058187,0.407680,1201
0.016254,10.203832,0.411310,1202
0.019961,7.960079,0.409370,1203
0.005193,12.847180,0.411660,1204
0.003313,12.427744,0.406920,1205
0.015035,8.228114,0.407220,1206
-0.000927,8.957648,0.409880,1207
0.010220,8.515126,0.410170,1208
0.000418,10.981606,0.407150,1209
0.019587,9.065912,0.410870,1210
0.003056,12.223899,0.407260,1211
0.005556,9.398591,0.409690,1212
0.009139,11.079973,0.408480,1213
0.003907,9.277017,0.407080,1214
0.013434,10.980353,0.408450,1215
0.021412,11.345224,0.409520,1216
0.003252,9.771096,0.408870,1217
0.013550,12.153914,0.407250,1218
0.012945,10.276557,0.406730,1219
0.001714,8.855638,0.408330,1220
0.006389,9.761898,0.408410,1221
0.007420,9.377180,0.408300,1222
-0.004321,8.956357,0.408300,1223
-0.009220,11.405353,0.406640,1224
-0.003902,9.186589,0.406720,1225
0.000998,10.554531,0.410410,1226
0.000409,7.253540,0.405050,1227
0.006937,7.963245,0.406680,1228
-0.004743,9.461413,0.410420,1229
0.003217,9.184053,0.408650,1230
-0.002834,11.145792,0.410120,1231
0.000873,7.649378,0.407670,1232
-0.016060,9.348483,0.409580,1233
-0.007860,12.740885,0.407200,1234
0.010846,11.651293,0.409650,1235
-0.009654,9.085945,0.407150,1236
-0.003881,10.118332,0.409920,1237
0.013555,11.602938,0.409520,1238
0.003306,9.682923,0.409380,1239
0.006621,8.342477,0.411420,1240
0.002967,11.590869,0.407090,1241
0.007146,7.853055,0.410470,1242
0.009448,9.451662,0.406890,1243
0.003082,8.115755,0.407570,1244
0.005268,7.016770,0.411960,1245
0.014041,8.538440,0.407260,1246
0.006578,8.538572,0.407260,1247
-0.001963,12.049947,0.408370,1248
-0.001183,7.885727,0.408320,1249
-0.000253,9.202201,0.407830,1250
0.010359,9.774235,0.408710,1251
-0.000160,11.265756,0.410340,1252
0.001139,12.453583,0.409630,1253
0.008014,10.225680,0.408060,1254
0.004104,10.441531,0.408610,1255
0.008777,11.160842,0.408880,1256
0.000093,12.753357,0.407710,1257
0.001961,10.792015,0.407860,1258
0.003750,9.257284,0.405190,1259
0.001849,10.723344,0.409440,1260
0.002408,8.287887,0.407490,1261
0.017499,10.341584,0.410580,1262
-0.002743,9.578012,0.408310,1263
0.018613,9.710632,0.407640,1264
0.005795,11.241398,0.408540,1265
0.013283,12.624523,0.410510,1266
0.007183,8.743710,0.409230,1267
0.009342,10.375661,0.408550,1268
0.009381,7.752955,0.408190,1269
0.008595,10.717718,0.407690,1270
0.013859,7.644680,0.406590,1271
0.006309,10.615177,0.408110,1272
0.020419,9.396628,0.405720,1273
0.019244,9.905751,0.408470,1274
0.013418,11.132708,0.409110,1275
0.014087,10.103748,0.407140,1276
0.010282,8.464458,0.410880,1277
-0.014598,9.242839,0.416630,1278
-0.017124,7.898170,0.416610,1279
-0.010388,6.126333,0.416790,1280
-0.021832,5.043093,0.417320,1281
-0.023827,6.674877,0.417780,1282
-0.026673,5.506509,0.414770,1283
-0.014905,6.103253,0.418390,1284
-0.029420,6.264871,0.416490,1285
-0.009576,8.335890,0.414870,1286
-0.013171,5.997162,0.416140,1287
-0.009694,4.086045,0.418670,1288
-0.011807,7.679610,0.416760,1289
-0.014425,7.657953,0.416380,1290
-0.015480,8.254983,0.419050,1291
-0.023685,7.891928,0.412910,1292
-0.007105,7.378465,0.417250,1293
-0.008648,7.732404,0.415250,1294
-0.000561,6.526736,0.416290,1295
-0.003705,6.452326,0.417440,1296
0.001786,9.663960,0.415750,1297
0.002743,6.712842,0.415750,1298
0.002196,8.465948,0.417370,1299
-0.005592,7.762579,0.417380,1300
0.005839,5.044508,0.417010,1301
-0.000893,5.032294,0.418890,1302
-0.006348,7.475140,0.414120,1303
0.002253,8.289230,0.416600,1304
-0.003504,6.414942,0.417520,1305
-0.002152,6.682263,0.417550,1306
-0.011807,4.677601,0.415710,1307
0.004555,5.277899,0.413560,1308
-0.000804,4.270186,0.416980,1309
-0.018660,9.069797,0.417170,1310
-0.008264,7.040154,0.415320,1311
-0.014913,4.851646,0.417410,1312
-0.000533,5.805337,0.417270,1313
0.002286,8.796882,0.416170,1314
-0.005236,9.459405,0.418560,1315
-0.011702,6.401202,0.414590,1316
-0.003493,6.754003,0.415580,1317
0.005252,6.273504,0.415450,1318
-0.014740,6.903733,0.415740,1319
0.002559,8.039010,0.415850,1320
0.001776,9.621900,0.419050,1321
0.001333,7.936073,0.416080,1322
0.003017,9.391101,0.414070,1323
0.018251,5.646155,0.418450,1324
0.007589,8.813460,0.413990,1325
0.010563,6.196712,0.418580,1326
0.012428,6.137020,0.417700,1327
0.008000,5.306678,0.418810,1328
0.010981,9.032359,0.418200,1329
0.008946,7.739813,0.416880,1330
0.007527,7.625380,0.417270,1331
0.010868,7.601910,0.417100,1332
0.015080,9.986888,0.416490,1333
0.014550,10.130262,0.417130,1334
-0.003815,7.535213,0.417660,1335
0.012020,8.093546,0.418570,1336
0.005317,4.620088,0.417190,1337
0.001277,9.154093,0.418460,1338
0.003833,5.907445,0.414380,1339
-0.008957,9.026902,0.414200,1340
0.004520,8.145114,0.417430,1341
-0.007746,8.201348,0.415610,1342
-0.006889,6.913259,0.417120,1343
-0.001193,6.481588,0.415430,1344
0.004112,7.363846,0.416430,1345
-0.002787,6.912528,0.417360,1346
0.001652,5.169536,0.420450,1347
-0.008629,6.951542,0.417280,1348
0.004023,5.369963,0.414420,1349
-0.005882,8.049369,0.417820,1350
-0.005326,7.218296,0.417090,1351
-0.013799,6.060960,0.416830,1352
-0.009639,8.070957,0.415490,1353
0.000076,8.286762,0.415550,1354
-0.014762,7.812853,0.418450,1355
-0.006356,9.101456,0.418530,1356
-0.003205,7.307165,0.419840,1357
-0.017596,7.324578,0.416020,1358
-0.004261,5.957138,0.417710,1359
-0.020897,8.237000,0.417880,1360
-0.017565,9.605903,0.418490,1361
-0.004391,7.428173,0.421110,1362
0.002608,8.166803,0.414990,1363
-0.002262,7.228250,0.416870,1364
0.000069,7.421776,0.418220,1365
-0.001855,8.771787,0.416210,1366
0.006364,6.727047,0.416800,1367
0.001228,8.306366,0.418460,1368
0.015665,11.942571,0.416710,1369
0.010191,7.487872,0.414320,1370
0.003175,8.788534,0.415440,1371
0.002942,7.775163,0.417750,1372
-0.002455,6.523845,0.417670,1373
0.009627,9.190562,0.414160,1374
0.007041,6.900839,0.417480,1375
0.009928,6.514646,0.418280,1376
0.003902,7.123631,0.417220,1377
-0.007812,10.018023,0.419220,1378
0.010986,8.089195,0.413800,1379
0.008400,7.557955,0.418000,1380
0.003348,6.998413,0.413750,1381
0.004949,9.250984,0.414620,1382
-0.000813,8.239201,0.414290,1383
0.000678,8.370880,0.411660,1384
-0.002140,7.725866,0.416670,1385
-0.009146,6.846227,0.416260,1386
0.016601,11.344147,0.415860,1387
0.003363,5.529818,0.416420,1388
0.005398,9.026996,0.416770,1389
-0.001839,7.418074,0.418050,1390
-0.005226,9.457577,0.417120,1391
-0.005561,8.660793,0.420660,1392
-0.003504,9.104947,0.416590,1393
-0.016279,6.735308,0.417480,1394
-0.024895,6.833571,0.417500,1395
-0.022803,6.060972,0.416790,1396
-0.013563,7.318703,0.417390,1397
0.002208,6.493940,0.413730,1398
-0.002474,10.134985,0.413880,1399
-0.000687,7.658151,0.412490,1400
0.001489,6.582974,0.414440,1401
-0.003364,7.956964,0.417290,1402
-0.017099,9.066773,0.416840,1403
-0.012401,7.471922,0.415120,1404
0.002239,8.892055,0.419020,1405
-0.003890,10.562664,0.423890,1406
-0.006065,7.996051,0.423990,1407
0.006872,8.635764,0.424430,1408
-0.008088,8.690950,0.420640,1409
0.002119,9.527821,0.422530,1410
-0.004006,5.951389,0.422970,1411
0.007555,7.554643,0.422770,1412
-0.001645,9.119967,0.421440,1413
0.010858,7.842589,0.423600,1414
-0.003832,7.212973,0.421330,1415
-0.013329,11.400785,0.424330,1416
0.011180,6.407875,0.421510,1417
0.004245,9.986076,0.421770,1418
0.020085,8.277903,0.423670,1419
0.004868,9.023589,0.420620,1420
0.008859,7.825410,0.421990,1421
0.008144,7.231140,0.420750,1422
0.001567,6.923926,0.425790,1423
0.001274,8.850087,0.422920,1424
0.002051,6.945672,0.424510,1425
0.005088,8.866280,0.420010,1426
-0.002575,10.792230,0.423790,1427
0.007166,6.675058,0.421060,1428
0.015370,8.842068,0.423750,1429
0.003521,6.930170,0.423660,1430
-0.006300,12.023263,0.422260,1431
-0.005206,6.168875,0.421840,1432
0.006886,7.660400,0.421350,1433
0.003240,8.418989,0.424470,1434
0.009047,7.404854,0.423220,1435
-0.005522,8.501420,0.419760,1436
-0.003467,6.367939,0.421610,1437
-0.006610,9.973168,0.426370,1438
-0.005324,9.680497,0.423650,1439
-0.009263,9.224282,0.421690,1440
-0.004674,8.338279,0.424130,1441
-0.012847,7.539201,0.418630,1442
-0.007562,8.715368,0.422650,1443
-0.005364,7.221381,0.422300,1444
-0.014910,8.475202,0.426250,1445
-0.018853,6.799977,0.422900,1446
-0.016670,5.245488,0.422890,1447
-0.003685,6.410613,0.421250,1448
-0.019287,7.140258,0.426010,1449
-0.007770,6.592188,0.423450,1450
0.003812,7.991506,0.422700,1451
-0.016429,7.866131,0.426150,1452
-0.023342,10.540700,0.425270,1453
-0.019385,8.893663,0.424590,1454
-0.012495,5.889239,0.419280,1455
-0.021932,6.021657,0.423940,1456
-0.026500,8.559241,0.419230,1457
-0.007794,7.286202,0.421770,1458
-0.004123,6.069471,0.423520,1459
-0.012154,10.057439,0.424000,1460
-0.024108,7.432495,0.423900,1461
-0.015789,7.235254,0.423080,1462
-0.005152,7.470035,0.426670,1463
-0.007661,9.152301,0.423680,1464
-0.005298,5.903901,0.423000,1465
-0.007905,7.084863,0.421350,1466
-0.006952,9.065179,0.424900,1467
-0.009084,6.558916,0.420600,1468
-0.015879,8.231457,0.422610,1469
-0.006454,7.167691,0.422820,1470
-0.027701,8.039876,0.422690,1471
-0.031383,9.994780,0.422360,1472
-0.005892,9.639290,0.418110,1473
-0.000905,5.784528,0.421060,1474
-0.013763,5.558534,0.423270,1475
0.000750,6.686320,0.423630,1476
-0.011520,7.376927,0.424930,1477
-0.002277,6.971919,0.421190,1478
-0.005251,5.415105,0.423560,1479
-0.009087,6.192933,0.422730,1480
-0.014198,7.118481,0.423260,1481
-0.018399,5.311306,0.420450,1482
-0.006065,5.274118,0.421990,1483
-0.001048,6.068604,0.425090,1484
-0.001404,5.306992,0.421500,1485
-0.016852,8.074189,0.423350,1486
-0.005660,10.044725,0.421430,1487
-0.019239,6.594611,0.421750,1488
-0.009650,5.061444,0.424370,1489
-0.006867,7.934228,0.424970,1490
-0.020868,8.368939,0.421020,1491
-0.020161,8.643555,0.424980,1492
-0.011946,5.184713,0.421600,1493
-0.014268,6.856800,0.419100,1494
-0.021014,10.556561,0.425720,1495
-0.016113,9.066737,0.423370,1496
-0.007719,7.633734,0.423800,1497
-0.000182,4.557375,0.423580,1498
-0.017389,5.585369,0.425280,1499
-0.015847,7.200286,0.426350,1500
-0.000338,6.074687,0.421910,1501
-0.002952,6.201153,0.423260,1502
-0.008734,5.379137,0.423410,1503
0.002820,4.419721,0.422690,1504
-0.003233,8.014153,0.424330,1505
0.003597,8.198308,0.422200,1506
-0.005075,6.273870,0.423680,1507
-0.011254,5.404042,0.421850,1508
-0.001018,6.106811,0.423860,1509
-0.001914,7.346298,0.422460,1510
-0.005216,7.316078,0.422550,1511
-0.006768,7.760544,0.424050,1512
-0.007408,8.045526,0.421680,1513
0.005098,7.600457,0.422720,1514
0.001960,7.030583,0.424730,1515
0.001636,7.764348,0.422770,1516
0.000188,5.694233,0.423060,1517
-0.006233,9.818119,0.422360,1518
-0.020760,7.193201,0.422810,1519
-0.002435,9.880034,0.425620,1520
-0.013052,9.833737,0.423860,1521
-0.003729,6.412343,0.422650,1522
-0.007836,7.519593,0.423560,1523
-0.016719,6.563517,0.425350,1524
-0.018505,9.644389,0.422540,1525
-0.031313,6.420156,0.423040,1526
-0.004943,6.331096,0.422670,1527
-0.033210,9.868306,0.422210,1528
-0.019991,7.264335,0.422500,1529
-0.019147,8.587844,0.421050,1530
-0.021900,9.030325,0.422010,1531
-0.013726,9.501589,0.422410,1532
0.001848,10.641957,0.414960,1533
0.003641,11.198677,0.415830,1534
-0.003068,9.220499,0.414370,1535
-0.002246,8.851451,0.414390,1536
-0.001436,8.897798,0.413620,1537
-0.004988,8.435027,0.413940,1538
-0.003384,11.252443,0.417930,1539
0.011360,9.203145,0.415420,1540
-0.009942,8.943244,0.416300,1541
-0.007934,14.184932,0.414700,1542
0.007157,10.122449,0.413120,1543
0.000377,12.905781,0.414930,1544
0.000745,12.526077,0.413770,1545
0.005354,10.969856,0.416580,1546
0.004171,13.657977,0.418830,1547
0.002797,10.933428,0.415450,1548
0.018881,11.554061,0.416110,1549
0.005393,16.770079,0.413110,1550
0.002280,7.562876,0.415290,1551
0.005450,9.276508,0.418160,1552
-0.005284,8.946821,0.416240,1553
0.003010,7.801443,0.415070,1554
-0.002166,8.666886,0.414930,1555
-0.010267,8.219451,0.414900,1556
0.003143,9.106615,0.415390,1557
-0.013235,9.305268,0.413670,1558
-0.012967,8.577980,0.418950,1559
-0.001676,7.851521,0.412030,1560
0.000392,11.504067,0.415270,1561
0.005046,8.377373,0.413660,1562
0.004963,9.493014,0.416800,1563
0.002091,10.309440,0.418180,1564
-0.007446,9.569225,0.413590,1565
0.005640,9.399128,0.418900,1566
-0.002945,9.825415,0.415380,1567
-0.003323,8.501719,0.417410,1568
-0.005352,13.570398,0.416570,1569
-0.005116,12.296619,0.415370,1570
0.009062,8.893688,0.416690,1571
-0.003944,9.201331,0.416440,1572
0.005367,9.810757,0.414410,1573
0.003112,9.192342,0.416530,1574
0.004482,12.312927,0.414850,1575
-0.012101,10.210576,0.415550,1576
-0.002029,7.766841,0.418220,1577
0.006268,11.033049,0.413160,1578
-0.016808,6.580760,0.416350,1579
-0.017509,7.474834,0.418210,1580
0.005394,8.183949,0.415470,1581
0.003755,16.167785,0.417440,1582
-0.001624,9.386026,0.415190,1583
-0.016708,7.652836,0.416390,1584
-0.023765,11.220998,0.413220,1585
-0.020497,11.142706,0.416410,1586
-0.008637,6.108950,0.415230,1587
-0.010815,9.809474,0.413030,1588
-0.013515,9.594894,0.414870,1589
-0.017089,8.922545,0.415410,1590
-0.015222,10.104588,0.415900,1591
-0.003632,8.608490,0.413020,1592
0.007380,9.134430,0.415060,1593
-0.008413,8.293082,0.414590,1594
-0.008355,10.435197,0.415830,1595
-0.000749,8.876589,0.415850,1596
-0.006462,4.828681,0.416260,1597
-0.000237,10.945182,0.415190,1598
0.001534,9.782532,0.417170,1599
-0.003188,5.518556,0.417030,1600
0.000994,7.669232,0.414980,1601
0.013640,8.421851,0.414370,1602
0.003068,8.369012,0.414230,1603
-0.010594,11.833126,0.414400,1604
0.002249,9.744735,0.415710,1605
-0.004621,11.703975,0.413930,1606
-0.014215,11.218587,0.412970,1607
-0.018060,10.374043,0.415750,1608
-0.009923,8.364095,0.414900,1609
-0.014984,8.152793,0.415560,1610
-0.026101,9.694909,0.413230,1611
0.005549,7.394391,0.415350,1612
-0.006890,13.041217,0.416790,1613
-0.000302,7.286057,0.413920,1614
0.005045,9.198694,0.418200,1615
-0.002824,8.637113,0.415770,1616
-0.002551,11.590731,0.416850,1617
0.010451,10.504465,0.415580,1618
0.010722,10.928445,0.417260,1619
0.007811,9.576267,0.415860,1620
-0.005552,10.808703,0.413800,1621
-0.002735,11.510043,0.413930,1622
-0.004408,7.244892,0.415730,1623
-0.020933,7.260768,0.413830,1624
0.004441,7.707711,0.414750,1625
-0.009548,9.862218,0.414370,1626
0.000292,11.755872,0.414270,1627
-0.007975,8.483409,0.413670,1628
0.001620,8.443113,0.415560,1629
0.002180,13.761047,0.413190,1630
-0.011072,11.164848,0.415900,1631
-0.003486,10.579999,0.414830,1632
-0.009888,9.878506,0.414880,1633
-0.001213,13.532194,0.415520,1634
-0.013587,12.602053,0.415530,1635
-0.010637,7.304849,0.419820,1636
-0.009450,9.579210,0.416210,1637
-0.014876,10.131282,0.416660,1638
-0.003973,9.204135,0.413390,1639
-0.026404,7.372033,0.415160,1640
0.004282,9.730502,0.413130,1641
-0.018713,9.004236,0.416520,1642
-0.005790,10.946479,0.413770,1643
0.003699,12.044187,0.411120,1644
-0.009405,7.834467,0.414000,1645
-0.009285,9.749631,0.415870,1646
-0.006665,8.067519,0.415770,1647
-0.003001,8.352608,0.416300,1648
-0.007706,7.663167,0.416410,1649
0.010616,6.673501,0.415120,1650
-0.007612,10.103100,0.412770,1651
-0.015725,8.420912,0.414330,1652
-0.004072,8.139025,0.413930,1653
-0.011362,7.658045,0.414660,1654
0.001075,7.030084,0.414090,1655
-0.001624,7.498337,0.415250,1656
-0.021967,11.320981,0.414090,1657
-0.030398,10.564668,0.416740,1658
-0.001564,7.918173,0.417630,1659
0.001696,9.019303,0.412640,1660
-0.025158,9.075705,0.406090,1661
-0.020735,3.880294,0.407800,1662
-0.022214,5.579158,0.407320,1663
-0.037115,5.268047,0.406520,1664
-0.022501,4.319402,0.406840,1665
-0.023144,5.739655,0.407610,1666
-0.032193,6.251897,0.406610,1667
-0.011585,7.941291,0.407640,1668
-0.008236,4.654233,0.404990,1669
-0.009881,4.840244,0.407580,1670
-0.023148,4.837750,0.404900,1671
-0.009090,7.222493,0.404740,1672
0.001706,4.010246,0.404840,1673
-0.003969,8.147568,0.408860,1674
-0.022862,7.348853,0.405860,1675
-0.016058,6.631576,0.406000,1676
-0.014421,4.155074,0.407110,1677
-0.013741,4.464772,0.406790,1678
-0.004409,4.135212,0.407410,1679
-0.007262,4.898671,0.409320,1680
-0.018703,6.020068,0.407350,1681
-0.014911,5.319685,0.407620,1682
-0.009771,7.106600,0.407500,1683
-0.008067,4.624482,0.405290,1684
-0.001519,5.128873,0.408760,1685
-0.004024,4.806071,0.407190,1686
-0.011533,6.245332,0.406130,1687
0.000294,6.403069,0.407810,1688
-0.009937,7.199980,0.405630,1689
-0.012568,6.952088,0.405490,1690
-0.015525,4.967926,0.407590,1691
-0.009001,7.502279,0.404680,1692
-0.004067,6.472553,0.406990,1693
0.001543,5.828926,0.407810,1694
0.000006,5.536179,0.406320,1695
-0.010543,5.674239,0.404630,1696
0.015179,5.595660,0.407390,1697
0.003849,6.250188,0.407330,1698
0.007600,4.292408,0.407790,1699
0.001693,5.729494,0.405620,1700
-0.005729,8.119030,0.411170,1701
0.011033,8.729917,0.407400,1702
0.005533,5.749513,0.408020,1703
-0.004145,7.855952,0.406650,1704
0.013658,4.779753,0.409530,1705
-0.006170,7.390421,0.409560,1706
0.000484,6.061829,0.409620,1707
-0.013391,4.870304,0.408740,1708
0.005511,4.958388,0.409310,1709
0.004080,7.719017,0.406090,1710
0.004358,5.861548,0.404630,1711
0.003237,5.759721,0.405940,1712
-0.006614,5.295931,0.406380,1713
0.001103,5.553995,0.404850,1714
0.008075,4.783925,0.406570,1715
0.009384,5.124075,0.409250,1716
0.007702,7.902457,0.407340,1717
0.005431,6.749783,0.406860,1718
0.000535,9.115322,0.405970,1719
0.010247,6.943601,0.406430,1720
0.021452,5.502440,0.403950,1721
0.019568,7.189589,0.406000,1722
0.014185,5.701191,0.408270,1723
0.001307,7.498748,0.406320,1724
0.016929,4.791394,0.407730,1725
0.016684,8.190928,0.404640,1726
0.008928,9.272170,0.405510,1727
0.001918,4.546021,0.403590,1728
-0.004720,5.886262,0.407770,1729
0.002278,6.345449,0.407530,1730
-0.003644,4.567334,0.406100,1731
-0.003940,6.434701,0.407950,1732
0.005464,5.616995,0.408240,1733
-0.004604,5.814288,0.407130,1734
-0.010778,4.660435,0.408860,1735
-0.011274,4.560159,0.406230,1736
-0.000163,6.117883,0.407430,1737
-0.000123,5.140601,0.404820,1738
0.002284,6.229524,0.406020,1739
0.007171,6.109881,0.405420,1740
0.014769,5.428041,0.409920,1741
-0.000129,5.023610,0.409360,1742
0.011459,7.667550,0.404550,1743
-0.008123,4.574451,0.407070,1744
0.003062,4.063408,0.407260,1745
0.011161,5.538368,0.407530,1746
0.008050,5.152379,0.407200,1747
-0.006160,5.838488,0.407500,1748
-0.010746,5.646530,0.404460,1749
-0.000773,6.642664,0.406800,1750
-0.019888,7.953174,0.405090,1751
-0.019955,3.728346,0.405410,1752
0.011585,4.129504,0.406510,1753
-0.016471,7.916652,0.407270,1754
-0.010429,5.603164,0.405660,1755
-0.010218,6.512405,0.408770,1756
-0.002643,4.860945,0.406770,1757
-0.012138,6.369733,0.406600,1758
-0.019001,4.713677,0.406220,1759
-0.004331,6.834694,0.406350,1760
-0.017844,5.029249,0.407050,1761
-0.013743,4.046040,0.407770,1762
-0.025889,6.443237,0.405990,1763
-0.015372,6.087175,0.403550,1764
-0.017722,5.430228,0.405560,1765
-0.013471,6.387979,0.406000,1766
0.002516,3.136599,0.407600,1767
0.000127,5.446460,0.407540,1768
-0.012653,5.325484,0.407450,1769
-0.010776,8.428335,0.406500,1770
-0.001049,5.997393,0.405530,1771
0.010877,5.748100,0.409680,1772
-0.004782,8.479809,0.409990,1773
-0.001829,5.792740,0.409790,1774
0.007140,6.680595,0.406480,1775
0.001586,5.471031,0.407380,1776
-0.005600,4.613232,0.404100,1777
-0.018275,6.940597,0.408160,1778
-0.006031,5.365792,0.409700,1779
-0.004293,11.052869,0.410980,1780
-0.007001,15.186424,0.414650,1781
0.003212,12.902925,0.412810,1782
0.004176,9.910134,0.416260,1783
0.009281,13.824073,0.415170,1784
-0.008397,15.718563,0.417760,1785
0.000354,11.240776,0.415390,1786
0.010191,12.865768,0.414720,1787
0.002649,10.984838,0.415890,1788
-0.003130,15.413200,0.418240,1789
0.013879,11.592756,0.413310,1790
0.016143,18.278530,0.415130,1791
0.000488,11.369230,0.418440,1792
0.007280,11.128371,0.415570,1793
0.002635,11.185476,0.413590,1794
-0.003371,14.916671,0.415960,1795
-0.000904,13.316680,0.418640,1796
-0.005568,13.676884,0.417720,1797
0.004999,16.378068,0.415090,1798
0.012363,13.783931,0.415490,1799
0.001965,16.624433,0.417790,1800
-0.001402,4.130018,0.417540,1801
-0.012336,7.198607,0.417300,1802
-0.003017,5.663474,0.418860,1803
-0.003072,5.325092,0.418240,1804
-0.007710,5.893095,0.414960,1805
-0.021975,4.867612,0.419810,1806
-0.001618,5.582973,0.414190,1807
0.011589,4.632122,0.416750,1808
-0.010734,6.734830,0.417020,1809
-0.001944,5.293438,0.413710,1810
-0.013839,4.584274,0.416770,1811
-0.010081,3.716079,0.417660,1812
-0.001915,4.958764,0.416210,1813
-0.009567,2.873831,0.417310,1814
0.008013,6.402465,0.416460,1815
0.010050,5.151649,0.419480,1816
-0.009780,5.004472,0.412990,1817
0.011812,4.190147,0.413980,1818
0.006570,4.321078,0.416220,1819
0.006582,5.261191,0.416610,1820
-0.006279,5.062321,0.416860,1821
0.005241,6.684489,0.415260,1822
0.008691,6.854400,0.417070,1823
0.008048,5.448676,0.416340,1824
0.007397,3.431844,0.416710,1825
0.010009,5.924278,0.418650,1826
0.020092,4.542870,0.416000,1827
0.012736,7.464754,0.417710,1828
0.021950,7.076078,0.418680,1829
0.014250,4.814186,0.416680,1830
0.017683,5.399323,0.414870,1831
0.011390,5.444773,0.416710,1832
0.019571,3.751507,0.416720,1833
0.004069,4.070051,0.417010,1834
-0.006642,7.570401,0.415680,1835
0.012100,5.993042,0.414830,1836
0.007184,5.246133,0.417900,1837
-0.001084,7.043756,0.415900,1838
0.025617,8.168325,0.416090,1839
0.012189,7.614614,0.417380,1840
0.015219,8.686557,0.415200,1841
0.017094,7.509514,0.417010,1842
0.022645,5.059538,0.416430,1843
0.015044,8.014946,0.414610,1844
0.023934,7.970172,0.415500,1845
0.016155,5.654755,0.418500,1846
0.009687,5.270483,0.414470,1847
0.005825,4.533112,0.415750,1848
0.007659,5.347516,0.414880,1849
0.007440,5.706186,0.418000,1850
-0.006855,6.688118,0.414750,1851
0.007323,7.729691,0.415660,1852
-0.004041,7.204554,0.416700,1853
0.009105,6.004669,0.417850,1854
0.009491,8.520973,0.414910,1855
0.017346,9.872774,0.418080,1856
0.002802,2.719630,0.414540,1857
0.019178,5.578196,0.418190,1858
0.006064,4.916739,0.418120,1859
-0.004123,6.660562,0.415440,1860
0.007162,5.453021,0.416010,1861
-0.004112,8.622981,0.415740,1862
-0.002175,7.147075,0.417510,1863
0.001449,6.848987,0.417460,1864
0.014880,6.528981,0.416810,1865
0.006759,4.829826,0.417950,1866
0.000613,7.166168,0.417910,1867
0.004751,6.007077,0.415830,1868
-0.006039,6.545095,0.414780,1869
0.001285,4.795975,0.417480,1870
-0.019745,5.840635,0.413510,1871
0.013917,8.166492,0.415000,1872
0.007395,5.780895,0.420770,1873
0.002002,5.898053,0.416950,1874
-0.011490,4.217958,0.417370,1875
0.002054,5.210242,0.418880,1876
0.008757,3.866953,0.417340,1877
-0.001988,5.471374,0.412750,1878
0.004860,5.581215,0.417760,1879
-0.008391,6.433321,0.414000,1880
-0.002960,5.378904,0.415530,1881
0.013452,6.947023,0.414760,1882
0.015564,5.074744,0.416260,1883
-0.003057,5.445616,0.418450,1884
-0.001811,4.803338,0.412970,1885
-0.010144,7.197891,0.416470,1886
-0.010579,5.617455,0.416770,1887
0.005140,5.492200,0.412210,1888
0.011284,6.852853,0.415620,1889
-0.000834,4.227707,0.415590,1890
0.011589,6.414058,0.416980,1891
0.005856,4.482516,0.415910,1892
0.006218,5.010122,0.415970,1893
-0.002242,6.132578,0.416140,1894
0.015355,6.554756,0.416810,1895
0.015295,3.666118,0.416000,1896
0.012305,4.374488,0.418210,1897
0.005080,5.346352,0.416360,1898
0.011566,6.488327,0.417810,1899
0.008368,5.897008,0.416020,1900
0.019486,5.409708,0.417340,1901
0.008609,5.647750,0.416420,1902
-0.014322,3.935491,0.412760,1903
0.018087,5.356202,0.415750,1904
0.000725,8.206466,0.419000,1905
0.009255,4.765189,0.422170,1906
-0.000600,7.553143,0.419910,1907
-0.000154,6.764134,0.422640,1908
-0.003319,7.388739,0.425020,1909
0.002660,4.896606,0.418600,1910
-0.008776,5.471011,0.424270,1911
-0.000925,2.702978,0.422370,1912
-0.005159,5.141316,0.423160,1913
0.002493,3.900642,0.420210,1914
-0.002479,5.163910,0.422220,1915
-0.015651,6.518825,0.420540,1916
0.008610,3.998422,0.419740,1917
0.000598,5.360113,0.424830,1918
-0.001104,5.666085,0.423470,1919
0.006711,7.354622,0.423080,1920
0.003167,4.231630,0.420950,1921
0.004902,7.316948,0.415800,1922
-0.002789,4.194675,0.421350,1923
-0.005030,5.110602,0.423360,1924
0.002345,6.317073,0.423180,1925
-0.003008,5.792477,0.419450,1926
-0.003498,9.607222,0.420980,1927
-0.003876,6.069781,0.422230,1928
0.005950,7.662509,0.420040,1929
-0.002184,3.889559,0.419730,1930
-0.010479,4.211903,0.421960,1931
0.000301,4.199901,0.418060,1932
-0.004908,4.390938,0.421860,1933
-0.003139,9.179816,0.418260,1934
-0.009523,3.699952,0.421490,1935
-0.001300,6.042204,0.421890,1936
-0.005716,4.402399,0.422640,1937
-0.007696,4.963945,0.420890,1938
-0.010541,6.196142,0.425200,1939
-0.011701,3.509832,0.422260,1940
0.000773,5.312597,0.418840,1941
-0.012803,5.498284,0.421230,1942
-0.017022,5.098466,0.419710,1943
-0.021680,5.453159,0.421300,1944
-0.007847,5.287234,0.426100,1945
-0.014999,4.080430,0.421410,1946
-0.006961,5.674654,0.424340,1947
-0.011018,4.561269,0.421760,1948
-0.008215,4.341645,0.421250,1949
-0.009076,4.905499,0.421830,1950
-0.014511,4.784841,0.421980,1951
0.003513,4.454135,0.422430,1952
-0.033293,7.309474,0.417910,1953
-0.015248,4.821656,0.422980,1954
-0.010969,5.314134,0.421740,1955
-0.019931,5.473739,0.421770,1956
-0.021419,3.875730,0.418390,1957
-0.024378,4.345664,0.422700,1958
-0.013564,3.929028,0.422530,1959
-0.019573,6.171881,0.422240,1960
-0.014156,2.968789,0.421910,1961
-0.014588,4.043393,0.426130,1962
-0.019048,5.228088,0.419870,1963
-0.021560,7.779462,0.420470,1964
-0.001878,4.922538,0.422010,1965
0.003000,6.728765,0.422270,1966
-0.006456,4.583156,0.423550,1967
-0.008303,4.325063,0.424550,1968
-0.011733,4.711027,0.420520,1969
-0.021750,5.194440,0.422000,1970
-0.011982,4.305090,0.420580,1971
-0.000210,6.076689,0.420320,1972
-0.004143,5.103279,0.420580,1973
0.012075,3.782060,0.420990,1974
0.011906,5.688165,0.420460,1975
0.000958,6.904369,0.420810,1976
0.008147,4.683704,0.422190,1977
0.010543,6.154399,0.420870,1978
0.011339,4.850524,0.421150,1979
-0.003556,8.683544,0.423330,1980
-0.000016,7.698030,0.421150,1981
0.000559,9.212036,0.420350,1982
0.000631,5.940125,0.423420,1983
-0.008739,5.995149,0.418860,1984
0.002125,7.215667,0.421160,1985
0.005771,9.234774,0.421060,1986
-0.001332,8.120679,0.424190,1987
-0.005498,8.939721,0.422050,1988
-0.003431,6.243123,0.421730,1989
0.008295,9.410469,0.420580,1990
0.007598,5.162485,0.421420,1991
0.001697,6.245431,0.421770,1992
-0.019467,9.194403,0.419640,1993
-0.000469,7.908486,0.423050,1994
-0.013217,8.088360,0.422620,1995
-0.008265,9.237558,0.422900,1996
-0.009663,8.249773,0.420440,1997
-0.001598,8.762956,0.422290,1998
0.001838,6.027731,0.421430,1999
-0.007915,6.598438,0.422680,2000
